text,title,published,url,feed_name,source
Posthaste: Why the chances of a Canadian housing market rebound in 2026 have 'slipped away'. Once-hot real estate faces plenty of economic headwinds,Posthaste: Why the chances of a Canadian housing market rebound in 2026 have 'slipped away',"Fri, 15 May 2026 12:00:37 +0000",https://financialpost.com/news/canada-housing-market-rebound-slips-away,financial_post_economy,canadian_news
"Who is incoming U.S. Federal Reserve chair Kevin Warsh and what will his tenure mean for Canada?. No stranger to Carney and Macklem, next Federal Reserve chair takes over amid intense White House pressure to cut interest rates",Who is incoming U.S. Federal Reserve chair Kevin Warsh and what will his tenure mean for Canada?,"Thu, 14 May 2026 19:31:52 +0000",https://financialpost.com/news/economy/incoming-us-federal-reserve-chair-kevin-warsh,financial_post_economy,canadian_news
"Bank of Canada says AI is already moving the needle on productivity, but gap with U.S. still wide. Economists warn technology won't be a cure-all for lagging productivity","Bank of Canada says AI is already moving the needle on productivity, but gap with U.S. still wide","Thu, 14 May 2026 17:48:18 +0000",https://financialpost.com/news/economy/ai-increase-economic-productivity-bank-of-canada,financial_post_economy,canadian_news
"Iran war, U.S. trade policies remain key worries for Bank of Canada in setting rates. Uncertainty about energy price shocks and tariffs remains 'unusually elevated' for the Canadian economy, central bank says","Iran war, U.S. trade policies remain key worries for Bank of Canada in setting rates","Wed, 13 May 2026 20:44:05 +0000",https://financialpost.com/news/economy/war-trade-policies-remain-key-worries-bank-of-canada,financial_post_economy,canadian_news
"Posthaste: How remote work, pickleball and AI are changing commercial real estate. National office vacancy rates peaked at 14.9% in the middle of last year","Posthaste: How remote work, pickleball and AI are changing commercial real estate","Wed, 13 May 2026 12:00:10 +0000",https://financialpost.com/news/remote-work-pickleball-ai-changing-commercial-real-estate,financial_post_economy,canadian_news
Dunkin' Donuts to open hundreds of locations across Canada. Tim Hortons could be in for some competition as iconic American coffee chain returns to Canadian market,Dunkin' Donuts to open hundreds of locations across Canada,"Tue, 12 May 2026 13:16:25 +0000",https://financialpost.com/news/retail-marketing/dunkin-donuts-to-open-hundreds-of-locations-across-canada,financial_post_economy,canadian_news
"Why one analyst sees 81 per cent upside in this TSX gold mining play. The Week in Stocks: How Canada's defence spending could boost this stock, why the bar is high for Canada's big banks and more",Why one analyst sees 81 per cent upside in this TSX gold mining play,"Fri, 15 May 2026 21:05:45 +0000",https://financialpost.com/investing/tsx-stock-upside-largest-gold-mine-us,financial_post_markets,canadian_news
"Xanadu stock slumps 10% on US$21-million loss despite revenue jump. Founder and CEO Christian Weedbrook called the stock fluctuations a 'wild ride,' but 'characteristic of the quantum industry'",Xanadu stock slumps 10% on US$21-million loss despite revenue jump,"Fri, 15 May 2026 16:11:40 +0000",https://financialpost.com/technology/xanadu-stock-slumps-21-million-loss-q1,financial_post_markets,canadian_news
"With stock markets near record highs, why would an investor worry?. Peter Hodson: Here are a few concerns that might be lurking in the background of the economy and markets","With stock markets near record highs, why would an investor worry?","Thu, 14 May 2026 10:00:14 +0000",https://financialpost.com/investing/stock-markets-record-highs-why-investor-worry,financial_post_markets,canadian_news
How to position your portfolio in a K-shaped economy where an AI-fuelled stock market masks Main Street struggles. Martin Pelletier: There are ways investors can shift exposure away from areas most sensitive to strained consumers,How to position your portfolio in a K-shaped economy where an AI-fuelled stock market masks Main Street struggles,"Mon, 11 May 2026 10:00:29 +0000",https://financialpost.com/investing/how-to-position-portfolios-in-a-k-shaped-economy-where-an-ai-fuelled-stock-market-masks-main-street-struggles,financial_post_markets,canadian_news
"This TSX stock is up 43% in April and price target hikes are rolling in as analyst calls out 'unwarranted' discount to peers. The Week in Stocks: How investors can prepare for a weaker U.S. dollar, why these Canadian utilities are looking good to Raymond James and more",This TSX stock is up 43% in April and price target hikes are rolling in as analyst calls out 'unwarranted' discount to peers,"Fri, 01 May 2026 21:09:37 +0000",https://financialpost.com/investing/tsx-stock-up-43-price-target-hikes-rolling,financial_post_markets,canadian_news
"How Carney's new sovereign wealth fund could backfire on the economy. Martin Pelletier: Markets have seen this story before, and they will also remember how it ends",How Carney's new sovereign wealth fund could backfire on the economy,"Mon, 04 May 2026 10:00:10 +0000",https://financialpost.com/investing/sovereign-wealth-fund-could-backfire-economy,financial_post_markets,canadian_news
What the migration of primary listings says about Canada's capital markets. J. Ari Pandes: Storied Canadian companies with deep national roots are choosing to shun our public markets for their primary listings,What the migration of primary listings says about Canada's capital markets,"Sat, 02 May 2026 10:00:51 +0000",https://financialpost.com/investing/migration-primary-listings-canada-capital-markets,financial_post_markets,canadian_news
Forecasts are generally of no use when it comes to achieving better than average investment results. Noah Solomon: Investors are better off with sound principles that stood the test of time through market ups and downs,Forecasts are generally of no use when it comes to achieving better than average investment results,"Fri, 01 May 2026 10:00:16 +0000",https://financialpost.com/investing/forecasts-no-use-achieving-better-investment-results,financial_post_markets,canadian_news
"Should you act on these investing rules of thumb?. Peter Hodson: From 'The market climbs a wall of worry' to 'Sell in May and go away', here's how 5 investing axioms stand up",Should you act on these investing rules of thumb?,"Thu, 30 Apr 2026 13:30:14 +0000",https://financialpost.com/investing/investing-rules-of-thumb,financial_post_markets,canadian_news
"Honda indefinitely suspends $15B EV plant in Ontario. Honda has indefinitely suspended its plans for a $15-billion electric vehicle complex in Ontario, as it pivots away from EVs and toward hybrids. The move comes as the automaker posted its first full-year loss ever to the tune of $3.68 billion, in large part due to lower EV demand.",Honda indefinitely suspends $15B EV plant in Ontario,"Thu, 14 May 2026 08:50:49 EDT",https://www.cbc.ca/news/business/honda-suspends-ev-plant-indefinitely-9.7199175?cmp=rss,cbc_business,canadian_news
"Ontario starts crackdown on ticket resale above face value. Letters notifying resellers of inspection were sent out last week, and investigators are starting to inspect ticket resellers and big companies like StubHub this week, according to Minister of Public and Business Service Delivery and Procurement Stephen Crawford. But resale sites say they're still looking for guidance on how to implement the rules.",Ontario starts crackdown on ticket resale above face value,"Thu, 14 May 2026 04:00:00 EDT",https://www.cbc.ca/news/business/ontario-ticket-resale-cap-enforcement-crackdown-9.7198412?cmp=rss,cbc_business,canadian_news
"Ebay rejects $56 billion US bid by GameStop, calling it 'neither credible nor attractive'. GameStop CEO Ryan Cohen has argued that by combining GameStop and eBay, he could cut costs and find synergies to create a much bigger enterprise. But analysts and investors had wondered whether the offer by GameStop, which is much smaller than the company its trying to buy, stood a chance.","Ebay rejects $56 billion US bid by GameStop, calling it 'neither credible nor attractive'","Tue, 12 May 2026 09:39:42 EDT",https://www.cbc.ca/news/business/ebay-rejects-gamestop-bid-9.7196267?cmp=rss,cbc_business,canadian_news
"Has Toronto's condo market hit its bottom?. Condo sales picked up in April, as lower prices and borrowing costs helped buyers jump into the market. After years of sky-high prices and sluggish sales, one of the country's most expensive housing markets is seeing something of a condo rebound.",Has Toronto's condo market hit its bottom?,"Sat, 09 May 2026 04:00:00 EDT",https://www.cbc.ca/news/business/toronto-condo-market-bottom-9.7192760?cmp=rss,cbc_business,canadian_news
"Canada's economy dropped 18,000 jobs in April as unemployment rose to 6-month high. April's loss means Canada has shed jobs in three of the fourth months so far this year, making for 112,000 jobs lost since January. The Statistics Canada data released on Friday indicates a continued weakness in the labour market, which has struggled in the ​face of U.S tariffs and trade uncertainty.","Canada's economy dropped 18,000 jobs in April as unemployment rose to 6-month high","Fri, 08 May 2026 08:59:11 EDT",https://www.cbc.ca/news/business/canada-jobs-april-2026-9.7192292?cmp=rss,cbc_business,canadian_news
